"Author, Last","Author, First",Title,Pbk?,ISBN / LCCC#
Spitler,Sue,"1,001 Low-Fat Vegetarian Recipes",✓,978-1-57284-083-6
Ray,Rachel,365: No Repeats,✓,1-4000-8254-4
Baggett,Nancy,60-Minute Bread Book,,0-399-13020-9
Penman,Helen,75 Flowers for Cake Decorating,✓,978-1-250-04484-6
Wrightman,Yvonne,All the Tea in China,✓,1-895292-35-2
Massov,Olga,America: The Cookbook,,978-0-7148-7396
Crescent Books,,Amish Cooking,,0-517-68911-1
Woodier,Olwen,Apple Cookbook,✓,0-88266-367-4
Aroma,,Aroma Recipe Booklet,✓,
Botafogo,Dolores,Art of Brazilian Cookery,✓,0-7818-0130-3
Cleveland Orchestra,,Bach for More Fireside Classics,✓,
"Junior Service League of Panama City, Florida",,Bay Leaves,✓,0-9615014-0-5
Raichlen,Steven,Beer-Can Chicken,✓,0-7611-2016-5
Meliach,Dona Z.,Best Bagels,✓,1-55867-131-5
Junior League West,,"Best Recipes from the Junior Leagues of the Southwest, the Mountain States, Western Canada, Mexico, California, and the Pacific Northwest",,0-517-46426-8
Woman's Day,,Best Vetetable Recipes,,0-375-27594-6
Crocker,Betty,Betty Crocker's Good and Easy Cook Book,,
Taylor,Sally,Book of Desserts,✓,0-89586-822-9
Jamison,Cheryl Alters & Bill,Border Cookbook: Authentic Home Cooking of the American Southwest and Northern Mexico,✓,1-55832-103-9
Parks,Stella,Bravetart,,978-0-393-23986-7
Williams,Chuck,Breakfast & Brunches,,0-7835-0321-0
Springer,Rita G.,Caribbean Cookbook,✓,0-330-25873-7
Southern Living,,Christmas With Southern Living,,0-8487-1025-8
Junior League of Denver,,Colorado Classique,,978-0-9603946-8-5
O'Connor,Hyla,Complete NFL Cookbook,✓,0-452-25298-9
Steinberg,Rafael,Cooking of Japan,,75-84632
Junior League of Denver,,Crème de Colorado,,0-9603946-2-1
Katzen,Mollie,Enchanted Broccoli Forest,✓,0-89815-078-7
Better Homes and Gardens,,Entertaining With Ease,,0-696-00895-5
Stoltzfus,Louise,Favorite Recipes from Quilters,✓,1-56148-071-1
Kees,Beverly,Fondue on the Menu,,72-163772
Butler & Binion L.L.P.,,From our Families to Your Family!,✓,
Carter,Susannah,Frugal Colonial Housewife,✓,75-21249
Boteler,Alison,Gormet's Guide to Cooking with Beer,,978-1-59253-468-9
Miller,Mark,Great Chile Book,✓,0-89815-428-6
Borghese,Anita,Great Sandwich Book,,0-89256-049-5
Hershey Chocolate Company,,Hershey's 1934 Cookbook,,
Kavena,Juanita Tiger,Hopi Cookery,✓,0-8165-0618-3
Kragen,Jinx,How to Keep Him (After You've Caught Him) Cookbook,,68-10681
Beds and Breakfasts of the Pikes Peak Area,,Inn the Kitchen,,
Drake Publishers,,International Recipe Cookbook,,0-87749-617-X
Klutz Press,,Kids Cooking (A Very Slightly Messy Manual),,0-932592-14-7
KitchenAid,,KitchenAid Instructions and Recipes,✓,
Zickert-Poulos,Colleen M.,Marvelous Muffin,✓,0-9613785-0-6
Katzen,Mollie,Moosewood Cookbook,,0-89815-503-7
Seabury,Steve,Mosh Potatoes,✓,978-1-4391-8132-4
Severson,Kim,New Alaska Cookbook,✓,1-57061-269-2
Rosso,Julee,New Basics,✓,0-89480-341-7
Brobeck,Florence,New Cook It in a Casserole,,
Cochrane,Sharon,Newlywed's Cookbook,,978-1-84172-964-0
Sunset,,Oriental Cookbook,✓,0-376-02530-1
Publications International,,Oriental Recipes,✓,
Junior League of Salt Lake City,,Pinch of Salt Lake,,0-9616972-0-2
Scicolone,Charles & Michele,Pizza,✓,0-7679-0373-0
Chamberlain,Lesley,Polish & Russian,✓,0-7548-1547-1
Tanner,Lisa,Potato Experience,✓,0-89815-159-7
T-Fal,,Pressure Cooker Recipe Book,✓,
Jaffrey,Madhur,Quick and Easy Indian Cooking,✓,0-8118-1183-2
Sunset,,Recipe Annual - 1991,,0-376-02692-8
Goodbody,Mary,Rice,,0-00-225215-5
Papashvily,Helen,Russian Cooking,,78-103302
Nims,Cynthia,Salty Snacks,✓,978-1-60774-181-7
Rosso,Julee,Silver Palate,✓,0-89480-204-6
Vitamix,,Vitamix Cookbook,,978-0-06-240720-7
Vitamix,,Vitamix: Introduction to High-Performance Blending,,
Boca Pointe Unit of the Papanicolaou Corps for Cancer Research,,What's Cookin'?,,
Johnson,Roberta Bishop,Whole Foods for the Whole Family,✓,0-912500-09-3
Sunset,,Wok,✓,0-376-02964-1
Parkhill,Joe,Wonderful World of Honey,✓,
Jaffrey,Madhur,World of the East Vegetarian Cooking,✓,0-394-74867-0
こころのたね。yasuyo,,のほほん曲げわっぱ弁当,✓,978-4-416-61686-4
主婦の友社,,作りおきサラダ,✓,978-4-07-290297-4